,ALL INDIA LIST OF DISTRICTS,,,
,Phase 1 - 54 Districts - PAHAL (DBTL) launched on 15.11.2014,,,
S.No.,State,Districts,Phase,
1 Andhra_Pradesh,,Ananthapur,Phase,1
2 Andhra_Pradesh,,Chittoor,Phase,1
3 Andhra_Pradesh,,Cuddapah,Phase,1
4 Andhra_Pradesh,,East_Godavari,Phase,1
5 Andhra_Pradesh,,Guntur,Phase,1
6 Andhra_Pradesh,,Krishna,Phase,1
7 Andhra_Pradesh,,Prakasam,Phase,1
8 Andhra_Pradesh,,Srikakulam,Phase,1
9 Andhra_Pradesh,,West_Godavari,Phase,1
10 Daman_and_Diu,,Diu,Phase,1
11 Goa,,North_Goa,Phase,1
12 Goa,,South_Goa,Phase,1
13 Himachal_Pradesh,,Bilaspur(HP),Phase,1
14 Himachal_Pradesh,,Chamba,Phase,1
15 Himachal_Pradesh,,Hamirpur,Phase,1
16 Himachal_Pradesh,,Kangra,Phase,1
17 Himachal_Pradesh,,Kullu,Phase,1
18 Himachal_Pradesh,,Mandi,Phase,1
19 Himachal_Pradesh,,Shimla,Phase,1
20 Himachal_Pradesh,,Sirmaur,Phase,1
21 Himachal_Pradesh,,Solan,Phase,1
22 Himachal_Pradesh,,Una,Phase,1
23 Karnataka,,Mysore,Phase,1
24 Karnataka,,Tumkur,Phase,1
25 Kerala,,Alappuzha,Phase,1
26 Kerala,,Ernakulam,Phase,1
27 Kerala,,Idukki,Phase,1
28 Kerala,,Kannur,Phase,1

29 Kerala,Kasaragod,Phase 1
30 Kerala,Kollam,Phase 1
31 Kerala,Kottayam,Phase 1
32 Kerala,Kozhikode,Phase 1
33 Kerala,Malappuram,Phase 1
34 Kerala,Palakkad,Phase 1
35 Kerala,Pathanamthitta,Phase 1
36 Kerala,Thiruvananthapuram,Phase 1
37 Kerala,Thrissur,Phase 1
38 Kerala,Wayanad,Phase 1
39 Madhya_Pradesh,Burhanpur,Phase 1
40 Madhya_Pradesh,Harda,Phase 1
41 Madhya_Pradesh,Hoshangabad,Phase 1
42 Madhya_Pradesh,Khandwa,Phase 1
43 Maharashtra,Amravati,Phase 1
44 Maharashtra,Wardha,Phase 1
45 Puducherry,Puducherry,Phase 1
46 Punjab,Barnala,Phase 1
47 Punjab,Faridkot,Phase 1
48 Punjab,Fatehgarh_Sahib,Phase 1
49 Punjab,Jalandhar,Phase 1
50 Punjab,Ludhiana,Phase 1
51 Punjab,Nawanshahr,Phase 1
52 Telangana,Adilabad,Phase 1
53 Telangana,Hyderabad,Phase 1
54 Telangana,K.v._Rangareddy,Phase 1
Phase 1 - 622 Districts - PAHAL (DBTL) to be launched on 01.01.2015,,
S.No. State,Districts,Phase
1 Andaman_and_Nicobar_Islands,Nicobar,Phase 2
2 Andaman_and_Nicobar_Islands,North& Middle Andaman,Phase 2
3 Andaman_and_Nicobar_Islands,South Andamans,Phase 2
4 Andhra_Pradesh,Kurnool,Phase 2
5 Andhra_Pradesh,Nellore,Phase 2

6 Andhra_Pradesh,Visakhapatnam,Phase,2
7 Andhra_Pradesh,Vizianagaram,Phase,2
8 Arunachal_Pradesh,Anjaw,Phase,2
9 Arunachal_Pradesh,Changlang,Phase,2
10 Arunachal_Pradesh,Dibang_Valley,Phase,2
11 Arunachal_Pradesh,East_Kameng,Phase,2
12 Arunachal_Pradesh,East_Siang,Phase,2
13 Arunachal_Pradesh,Kurung_Kumey,Phase,2
14 Arunachal_Pradesh,Lohit,Phase,2
15 Arunachal_Pradesh,Longding,Phase,2
16 Arunachal_Pradesh,Lower_Dibang_Valley,Phase,2
17 Arunachal_Pradesh,Lower_Subansiri,Phase,2
18 Arunachal_Pradesh,Papum_Pare,Phase,2
19 Arunachal_Pradesh,Tawang,Phase,2
20 Arunachal_Pradesh,Tirap,Phase,2
21 Arunachal_Pradesh,Upper_Siang,Phase,2
22 Arunachal_Pradesh,Upper_Subansiri,Phase,2
23 Arunachal_Pradesh,West_Kameng,Phase,2
24 Arunachal_Pradesh,West_Siang,Phase,2
25 Assam,Baksa,Phase,2
26 Assam,Barpeta,Phase,2
27 Assam,Bongaigaon,Phase,2
28 Assam,Cachar,Phase,2
29 Assam,Chirang,Phase,2
30 Assam,Darrang,Phase,2
31 Assam,Dhemaji,Phase,2
32 Assam,Dhubri,Phase,2
33 Assam,Dibrugarh,Phase,2
34 Assam,Goalpara,Phase,2
35 Assam,Golaghat,Phase,2
36 Assam,Hailakandi,Phase,2
37 Assam,Jorhat,Phase,2
38 Assam,Kamrup,Phase,2

39 Assam,Kamrup_Metro,Phase,2
40 Assam,Karbi_Anglong,Phase,2
41 Assam,Karimganj,Phase,2
42 Assam,Kokrajhar,Phase,2
43 Assam,Lakhimpur,Phase,2
44 Assam,Marigaon,Phase,2
45 Assam,Nagaon,Phase,2
46 Assam,Nalbari,Phase,2
47 Assam,North_Cachar_Hills,Phase,2
48 Assam,Sibsagar,Phase,2
49 Assam,Sonitpur,Phase,2
50 Assam,Tinsukia,Phase,2
51 Assam,Udalguri,Phase,2
52 Bihar,Araria,Phase,2
53 Bihar,Arwal,Phase,2
54 Bihar,Aurangabad,Phase,2
55 Bihar,Banka,Phase,2
56 Bihar,Begusarai,Phase,2
57 Bihar,Bhabua,Phase,2
58 Bihar,Bhagalpur,Phase,2
59 Bihar,Bhojpur,Phase,2
60 Bihar,Buxar,Phase,2
61 Bihar,Darbhanga,Phase,2
62 Bihar,East_Champaran,Phase,2
63 Bihar,Gaya,Phase,2
64 Bihar,Gopalganj,Phase,2
65 Bihar,Jamui,Phase,2
66 Bihar,Jehanabad,Phase,2
67 Bihar,Katihar,Phase,2
68 Bihar,Khagaria,Phase,2
69 Bihar,Kishanganj,Phase,2
70 Bihar,Lakhisarai,Phase,2
71 Bihar,Madhepura,Phase,2

72 Bihar,Madhubani,Phase,2
73 Bihar,Munger,Phase,2
74 Bihar,Muzaffarpur,Phase,2
75 Bihar,Nalanda,Phase,2
76 Bihar,Nawada,Phase,2
77 Bihar,Patna,Phase,2
78 Bihar,Purnia,Phase,2
79 Bihar,Rohtas,Phase,2
80 Bihar,Saharsa,Phase,2
81 Bihar,Samastipur,Phase,2
82 Bihar,Saran,Phase,2
83 Bihar,Sheikhpura,Phase,2
84 Bihar,Sheohar,Phase,2
85 Bihar,Sitamarhi,Phase,2
86 Bihar,Siwan,Phase,2
87 Bihar,Supaul,Phase,2
88 Bihar,Vaishali,Phase,2
89 Bihar,West_Champaran,Phase,2
90 Chandigarh,Chandigarh,Phase,2
91 Chhattisgarh,Balod,Phase,2
92 Chhattisgarh,Baloda_Bazar,Phase,2
93 Chhattisgarh,Balrampur,Phase,2
94 Chhattisgarh,Bastar,Phase,2
95 Chhattisgarh,Bemetara,Phase,2
96 Chhattisgarh,Bijapur,Phase,2
97 Chhattisgarh,Bilaspur,Phase,2
98 Chhattisgarh,Dantewada,Phase,2
99 Chhattisgarh,Dhamtari,Phase,2
100 Chhattisgarh,Durg,Phase,2
101 Chhattisgarh,Gariyaband,Phase,2
102 Chhattisgarh,Janjgir-champa,Phase,2
103 Chhattisgarh,Jashpur,Phase,2
104 Chhattisgarh,Kabirdham,Phase,2

105 Chhattisgarh,Kanker,Phase,2
106 Chhattisgarh,Kondagaon,Phase,2
107 Chhattisgarh,Korba,Phase,2
108 Chhattisgarh,Koriya,Phase,2
109 Chhattisgarh,Mahasamund,Phase,2
110 Chhattisgarh,Mungeli,Phase,2
111 Chhattisgarh,Narayanpur,Phase,2
112 Chhattisgarh,Raigarh,Phase,2
113 Chhattisgarh,Raipur,Phase,2
114 Chhattisgarh,Rajnandgaon,Phase,2
115 Chhattisgarh,Sukma,Phase,2
116 Chhattisgarh,Surajpur,Phase,2
117 Chhattisgarh,Surguja,Phase,2
118 Dadra_and_Nagar_Haveli,Dadra_and_Nagar_Haveli,Phase,2
119 Daman_and_Diu,Daman,Phase,2
120 Delhi,Central_Delhi,Phase,2
121 Delhi,East_Delhi,Phase,2
122 Delhi,New_Delhi,Phase,2
123 Delhi,North_Delhi,Phase,2
124 Delhi,North_East_Delhi,Phase,2
125 Delhi,North_West_Delhi,Phase,2
126 Delhi,Shahdara,Phase,2
127 Delhi,South East Delhi,Phase,2
128 Delhi,South_Delhi,Phase,2
129 Delhi,South_West_Delhi,Phase,2
130 Delhi,West_Delhi,Phase,2
131 Gujarat,Ahmedabad,Phase,2
132 Gujarat,Amreli,Phase,2
133 Gujarat,Anand,Phase,2
134 Gujarat,Aravalli,Phase,2
135 Gujarat,Banaskantha,Phase,2
136 Gujarat,Bharuch,Phase,2
137 Gujarat,Bhavnagar,Phase,2

138 Gujarat,Botad,Phase,2
139 Gujarat,Chhotaudepur,Phase,2
140 Gujarat,Dahod,Phase,2
141 Gujarat,Devbhumi Dwarka,Phase,2
142 Gujarat,Gandhinagar,Phase,2
143 Gujarat,Gir Somnath,Phase,2
144 Gujarat,Jamnagar,Phase,2
145 Gujarat,Junagadh,Phase,2
146 Gujarat,Kachchh,Phase,2
147 Gujarat,Kheda,Phase,2
148 Gujarat,Mahesana,Phase,2
149 Gujarat,Mahisagar,Phase,2
150 Gujarat,Morbi,Phase,2
151 Gujarat,Narmada,Phase,2
152 Gujarat,Navsari,Phase,2
153 Gujarat,Panchmahals,Phase,2
154 Gujarat,Patan,Phase,2
155 Gujarat,Porbandar,Phase,2
156 Gujarat,Rajkot,Phase,2
157 Gujarat,Sabarkantha,Phase,2
158 Gujarat,Surat,Phase,2
159 Gujarat,Surendra_Nagar,Phase,2
160 Gujarat,Tapi,Phase,2
161 Gujarat,The_Dangs,Phase,2
162 Gujarat,Vadodara,Phase,2
163 Gujarat,Valsad,Phase,2
164 Haryana,Ambala,Phase,2
165 Haryana,Bhiwani,Phase,2
166 Haryana,Faridabad,Phase,2
167 Haryana,Fatehabad,Phase,2
168 Haryana,Gurgaon,Phase,2
169 Haryana,Hisar,Phase,2
170 Haryana,Jhajjar,Phase,2

171 Haryana,Jind,Phase,2
172 Haryana,Kaithal,Phase,2
173 Haryana,Karnal,Phase,2
174 Haryana,Kurukshetra,Phase,2
175 Haryana,Mahendragarh,Phase,2
176 Haryana,Mewat,Phase,2
177 Haryana,Palwal,Phase,2
178 Haryana,Panchkula,Phase,2
179 Haryana,Panipat,Phase,2
180 Haryana,Rewari,Phase,2
181 Haryana,Rohtak,Phase,2
182 Haryana,Sirsa,Phase,2
183 Haryana,Sonipat,Phase,2
184 Haryana,Yamuna_Nagar,Phase,2
185 Himachal_Pradesh,Kinnaur,Phase,2
186 Himachal_Pradesh,Lahul_and_Spiti,Phase,2
187 Jammu_and_Kashmir,Anantnag,Phase,2
188 Jammu_and_Kashmir,Badgam,Phase,2
189 Jammu_and_Kashmir,Bandipore,Phase,2
190 Jammu_and_Kashmir,Baramula,Phase,2
191 Jammu_and_Kashmir,Doda,Phase,2
192 Jammu_and_Kashmir,Ganderbal,Phase,2
193 Jammu_and_Kashmir,Jammu,Phase,2
194 Jammu_and_Kashmir,Kargil,Phase,2
195 Jammu_and_Kashmir,Kathua,Phase,2
196 Jammu_and_Kashmir,Kishtwar,Phase,2
197 Jammu_and_Kashmir,Kulgam,Phase,2
198 Jammu_and_Kashmir,Kupwara,Phase,2
199 Jammu_and_Kashmir,Leh,Phase,2
200 Jammu_and_Kashmir,Pulwama,Phase,2
201 Jammu_and_Kashmir,Punch,Phase,2
202 Jammu_and_Kashmir,Rajouri,Phase,2
203 Jammu_and_Kashmir,Ramban,Phase,2

204 Jammu_and_Kashmir,Reasi,Phase,2
205 Jammu_and_Kashmir,Samba,Phase,2
206 Jammu_and_Kashmir,Shupiyan,Phase,2
207 Jammu_and_Kashmir,Srinagar,Phase,2
208 Jammu_and_Kashmir,Udhampur,Phase,2
209 Jharkhand,Bokaro,Phase,2
210 Jharkhand,Chatra,Phase,2
211 Jharkhand,Deoghar,Phase,2
212 Jharkhand,Dhanbad,Phase,2
213 Jharkhand,Dumka,Phase,2
214 Jharkhand,East_Singhbhum,Phase,2
215 Jharkhand,Garhwa,Phase,2
216 Jharkhand,Giridih,Phase,2
217 Jharkhand,Godda,Phase,2
218 Jharkhand,Gumla,Phase,2
219 Jharkhand,Hazaribagh,Phase,2
220 Jharkhand,Jamtara,Phase,2
221 Jharkhand,Khunti,Phase,2
222 Jharkhand,Koderma,Phase,2
223 Jharkhand,Latehar,Phase,2
224 Jharkhand,Lohardaga,Phase,2
225 Jharkhand,Pakur,Phase,2
226 Jharkhand,Palamu,Phase,2
227 Jharkhand,Ramgarh,Phase,2
228 Jharkhand,Ranchi,Phase,2
229 Jharkhand,Sahebganj,Phase,2
230 Jharkhand,Seraikela-Kharsawan,Phase,2
231 Jharkhand,Simdega,Phase,2
232 Jharkhand,West_Singhbhum,Phase,2
233 Karnataka,Bagalkot,Phase,2
234 Karnataka,Bangalore,Phase,2
235 Karnataka,Bangalore_Rural,Phase,2
236 Karnataka,Belgaum,Phase,2

237 Karnataka,Bellary,Phase,2
238 Karnataka,Bidar,Phase,2
239 Karnataka,Bijapur(KAT),Phase,2
240 Karnataka,Chamrajanagar,Phase,2
241 Karnataka,Chickmagalur,Phase,2
242 Karnataka,Chikkaballapur,Phase,2
243 Karnataka,Chitradurga,Phase,2
244 Karnataka,Dakshina_Kannada,Phase,2
245 Karnataka,Davangere,Phase,2
246 Karnataka,Dharwad,Phase,2
247 Karnataka,Gadag,Phase,2
248 Karnataka,Gulbarga,Phase,2
249 Karnataka,Hassan,Phase,2
250 Karnataka,Haveri,Phase,2
251 Karnataka,Kodagu,Phase,2
252 Karnataka,Kolar,Phase,2
253 Karnataka,Koppal,Phase,2
254 Karnataka,Mandya,Phase,2
255 Karnataka,Raichur,Phase,2
256 Karnataka,Ramanagar,Phase,2
257 Karnataka,Shimoga,Phase,2
258 Karnataka,Udupi,Phase,2
259 Karnataka,Uttara_Kannada,Phase,2
260 Karnataka,Yadgir,Phase,2
261 Lakshadweep,Lakshadweep,Phase,2
262 Madhya_Pradesh,Agar,Phase,2
263 Madhya_Pradesh,Alirajpur,Phase,2
264 Madhya_Pradesh,Anuppur,Phase,2
265 Madhya_Pradesh,Ashok_Nagar,Phase,2
266 Madhya_Pradesh,Balaghat,Phase,2
267 Madhya_Pradesh,Barwani,Phase,2
268 Madhya_Pradesh,Betul,Phase,2
269 Madhya_Pradesh,Bhind,Phase,2

270 Madhya_Pradesh,Bhopal,Phase,2
271 Madhya_Pradesh,Chhatarpur,Phase,2
272 Madhya_Pradesh,Chhindwara,Phase,2
273 Madhya_Pradesh,Damoh,Phase,2
274 Madhya_Pradesh,Datia,Phase,2
275 Madhya_Pradesh,Dewas,Phase,2
276 Madhya_Pradesh,Dhar,Phase,2
277 Madhya_Pradesh,Dindori,Phase,2
278 Madhya_Pradesh,Guna,Phase,2
279 Madhya_Pradesh,Gwalior,Phase,2
280 Madhya_Pradesh,Indore,Phase,2
281 Madhya_Pradesh,Jabalpur,Phase,2
282 Madhya_Pradesh,Jhabua,Phase,2
283 Madhya_Pradesh,Katni,Phase,2
284 Madhya_Pradesh,Khargone,Phase,2
285 Madhya_Pradesh,Mandla,Phase,2
286 Madhya_Pradesh,Mandsaur,Phase,2
287 Madhya_Pradesh,Morena,Phase,2
288 Madhya_Pradesh,Narsinghpur,Phase,2
289 Madhya_Pradesh,Neemuch,Phase,2
290 Madhya_Pradesh,Panna,Phase,2
291 Madhya_Pradesh,Raisen,Phase,2
292 Madhya_Pradesh,Rajgarh,Phase,2
293 Madhya_Pradesh,Ratlam,Phase,2
294 Madhya_Pradesh,Rewa,Phase,2
295 Madhya_Pradesh,Sagar,Phase,2
296 Madhya_Pradesh,Satna,Phase,2
297 Madhya_Pradesh,Sehore,Phase,2
298 Madhya_Pradesh,Seoni,Phase,2
299 Madhya_Pradesh,Shahdol,Phase,2
300 Madhya_Pradesh,Shajapur,Phase,2
301 Madhya_Pradesh,Sheopur,Phase,2
302 Madhya_Pradesh,Shivpuri,Phase,2

303 Madhya_Pradesh,Sidhi,Phase,2
304 Madhya_Pradesh,Singrauli,Phase,2
305 Madhya_Pradesh,Tikamgarh,Phase,2
306 Madhya_Pradesh,Ujjain,Phase,2
307 Madhya_Pradesh,Umaria,Phase,2
308 Madhya_Pradesh,Vidisha,Phase,2
309 Maharashtra,Ahmadnagar,Phase,2
310 Maharashtra,Akola,Phase,2
311 Maharashtra,Aurangabad(MH),Phase,2
312 Maharashtra,Beed,Phase,2
313 Maharashtra,Bhandara,Phase,2
314 Maharashtra,Buldhana,Phase,2
315 Maharashtra,Chandrapur,Phase,2
316 Maharashtra,Dhule,Phase,2
317 Maharashtra,Gadchiroli,Phase,2
318 Maharashtra,Gondiya,Phase,2
319 Maharashtra,Hingoli,Phase,2
320 Maharashtra,Jalgaon,Phase,2
321 Maharashtra,Jalna,Phase,2
322 Maharashtra,Kolhapur,Phase,2
323 Maharashtra,Latur,Phase,2
324 Maharashtra,Mumbai,Phase,2
325 Maharashtra,Mumbai Suburban,Phase,2
326 Maharashtra,Nagpur,Phase,2
327 Maharashtra,Nanded,Phase,2
328 Maharashtra,Nandurbar,Phase,2
329 Maharashtra,Nashik,Phase,2
330 Maharashtra,Osmanabad,Phase,2
331 Maharashtra,Palghar,Phase,2
332 Maharashtra,Parbhani,Phase,2
333 Maharashtra,Pune,Phase,2
334 Maharashtra,Raigarh(MH),Phase,2
335 Maharashtra,Ratnagiri,Phase,2

336 Maharashtra,Sangli,Phase,2
337 Maharashtra,Satara,Phase,2
338 Maharashtra,Sindhudurg,Phase,2
339 Maharashtra,Solapur,Phase,2
340 Maharashtra,Thane,Phase,2
341 Maharashtra,Washim,Phase,2
342 Maharashtra,Yavatmal,Phase,2
343 Manipur,Bishnupur,Phase,2
344 Manipur,Chandel,Phase,2
345 Manipur,Churachandpur,Phase,2
346 Manipur,Imphal_East,Phase,2
347 Manipur,Imphal_West,Phase,2
348 Manipur,Senapati,Phase,2
349 Manipur,Tamenglong,Phase,2
350 Manipur,Thoubal,Phase,2
351 Manipur,Ukhrul,Phase,2
352 Meghalaya,East Jaintia Hills,Phase,2
353 Meghalaya,East_Garo_Hills,Phase,2
354 Meghalaya,East_Khasi_Hills,Phase,2
355 Meghalaya,North Garo Hills,Phase,2
356 Meghalaya,Ri_Bhoi,Phase,2
357 Meghalaya,South West garo Hills,Phase,2
358 Meghalaya,South West Khasi Hills,Phase,2
359 Meghalaya,South_Garo_Hills,Phase,2
360 Meghalaya,West Jaintia_Hills,Phase,2
361 Meghalaya,West_Garo_Hills,Phase,2
362 Meghalaya,West_Khasi_Hills,Phase,2
363 Mizoram,Aizawl,Phase,2
364 Mizoram,Champhai,Phase,2
365 Mizoram,Kolasib,Phase,2
366 Mizoram,Lawngtlai,Phase,2
367 Mizoram,Lunglei,Phase,2
368 Mizoram,Mammit,Phase,2

369 Mizoram,Saiha,Phase,2
370 Mizoram,Serchhip,Phase,2
371 Nagaland,Dimapur,Phase,2
372 Nagaland,Kiphire,Phase,2
373 Nagaland,Kohima,Phase,2
374 Nagaland,Longleng,Phase,2
375 Nagaland,Mokokchung,Phase,2
376 Nagaland,Mon,Phase,2
377 Nagaland,Peren,Phase,2
378 Nagaland,Phek,Phase,2
379 Nagaland,Tuensang,Phase,2
380 Nagaland,Wokha,Phase,2
381 Nagaland,Zunheboto,Phase,2
382 Odisha,Angul,Phase,2
383 Odisha,Balangir,Phase,2
384 Odisha,Baleswar,Phase,2
385 Odisha,Bargarh,Phase,2
386 Odisha,Bhadrak,Phase,2
387 Odisha,Boudh,Phase,2
388 Odisha,Cuttack,Phase,2
389 Odisha,Debagarh,Phase,2
390 Odisha,Dhenkanal,Phase,2
391 Odisha,Gajapati,Phase,2
392 Odisha,Ganjam,Phase,2
393 Odisha,Jagatsinghapur,Phase,2
394 Odisha,Jajapur,Phase,2
395 Odisha,Jharsuguda,Phase,2
396 Odisha,Kalahandi,Phase,2
397 Odisha,Kandhamal,Phase,2
398 Odisha,Kendrapara,Phase,2
399 Odisha,Kendujhar,Phase,2
400 Odisha,Khorda,Phase,2
401 Odisha,Koraput,Phase,2

402 Odisha,Malkangiri,Phase,2
403 Odisha,Mayurbhanj,Phase,2
404 Odisha,Nabarangapur,Phase,2
405 Odisha,Nayagarh,Phase,2
406 Odisha,Nuapada,Phase,2
407 Odisha,Puri,Phase,2
408 Odisha,Rayagada,Phase,2
409 Odisha,Sambalpur,Phase,2
410 Odisha,Sonapur,Phase,2
411 Odisha,Sundergarh,Phase,2
412 Puducherry,Karaikal,Phase,2
413 Puducherry,Mahe,Phase,2
414 Puducherry,Yanam,Phase,2
415 Punjab,Ajit Garh (SAS Nagar),Phase,2
416 Punjab,Amritsar,Phase,2
417 Punjab,Bathinda,Phase,2
418 Punjab,Fazilka,Phase,2
419 Punjab,Ferozepur,Phase,2
420 Punjab,Gurdaspur,Phase,2
421 Punjab,Hoshiarpur,Phase,2
422 Punjab,Kapurthala,Phase,2
423 Punjab,Mansa,Phase,2
424 Punjab,Moga,Phase,2
425 Punjab,Pathankot,Phase,2
426 Punjab,Patiala,Phase,2
427 Punjab,Rupnagar,Phase,2
428 Punjab,Sangrur,Phase,2
429 Punjab,Sri_Muktsar_Sahib,Phase,2
430 Punjab,Tarn_Taran,Phase,2
431 Rajasthan,Ajmer,Phase,2
432 Rajasthan,Alwar,Phase,2
433 Rajasthan,Banswara,Phase,2
434 Rajasthan,Baran,Phase,2

435 Rajasthan,Barmer,Phase,2
436 Rajasthan,Bharatpur,Phase,2
437 Rajasthan,Bhilwara,Phase,2
438 Rajasthan,Bikaner,Phase,2
439 Rajasthan,Bundi,Phase,2
440 Rajasthan,Chittorgarh,Phase,2
441 Rajasthan,Churu,Phase,2
442 Rajasthan,Dausa,Phase,2
443 Rajasthan,Dholpur,Phase,2
444 Rajasthan,Dungarpur,Phase,2
445 Rajasthan,Ganganagar,Phase,2
446 Rajasthan,Hanumangarh,Phase,2
447 Rajasthan,Jaipur,Phase,2
448 Rajasthan,Jaisalmer,Phase,2
449 Rajasthan,Jalor,Phase,2
450 Rajasthan,Jhalawar,Phase,2
451 Rajasthan,Jhunjhunun,Phase,2
452 Rajasthan,Jodhpur,Phase,2
453 Rajasthan,Karauli,Phase,2
454 Rajasthan,Kota,Phase,2
455 Rajasthan,Nagaur,Phase,2
456 Rajasthan,Pali,Phase,2
457 Rajasthan,Pratapgarh,Phase,2
458 Rajasthan,Rajsamand,Phase,2
459 Rajasthan,Sawai_Madhopur,Phase,2
460 Rajasthan,Sikar,Phase,2
461 Rajasthan,Sirohi,Phase,2
462 Rajasthan,Tonk,Phase,2
463 Rajasthan,Udaipur,Phase,2
464 Sikkim,East_Sikkim,Phase,2
465 Sikkim,North_Sikkim,Phase,2
466 Sikkim,South_Sikkim,Phase,2
467 Sikkim,West_Sikkim,Phase,2

468 Tamil_Nadu,Ariyalur,Phase,2
469 Tamil_Nadu,Chennai,Phase,2
470 Tamil_Nadu,Coimbatore,Phase,2
471 Tamil_Nadu,Cuddalore,Phase,2
472 Tamil_Nadu,Dharmapuri,Phase,2
473 Tamil_Nadu,Dindigul,Phase,2
474 Tamil_Nadu,Erode,Phase,2
475 Tamil_Nadu,Kancheepuram,Phase,2
476 Tamil_Nadu,Kanyakumari,Phase,2
477 Tamil_Nadu,Karur,Phase,2
478 Tamil_Nadu,Krishnagiri,Phase,2
479 Tamil_Nadu,Madurai,Phase,2
480 Tamil_Nadu,Nagapattinam,Phase,2
481 Tamil_Nadu,Namakkal,Phase,2
482 Tamil_Nadu,Nilgiris,Phase,2
483 Tamil_Nadu,Perambalur,Phase,2
484 Tamil_Nadu,Pudukkottai,Phase,2
485 Tamil_Nadu,Ramanathapuram,Phase,2
486 Tamil_Nadu,Salem,Phase,2
487 Tamil_Nadu,Sivaganga,Phase,2
488 Tamil_Nadu,Thanjavur,Phase,2
489 Tamil_Nadu,Theni,Phase,2
490 Tamil_Nadu,Thiruvarur,Phase,2
491 Tamil_Nadu,Thoothukkudi,Phase,2
492 Tamil_Nadu,Tiruchirappalli,Phase,2
493 Tamil_Nadu,Tirunelveli,Phase,2
494 Tamil_Nadu,Tirupur,Phase,2
495 Tamil_Nadu,Tiruvallur,Phase,2
496 Tamil_Nadu,Tiruvannamalai,Phase,2
497 Tamil_Nadu,Vellore,Phase,2
498 Tamil_Nadu,Villupuram,Phase,2
499 Tamil_Nadu,Virudhunagar,Phase,2
500 Telangana,Karimnagar,Phase,2

501 Telangana,Khammam,Phase,2
502 Telangana,Mahbubnagar,Phase,2
503 Telangana,Medak,Phase,2
504 Telangana,Nalgonda,Phase,2
505 Telangana,Nizamabad,Phase,2
506 Telangana,Warangal,Phase,2
507 Tripura,Dhalai,Phase,2
508 Tripura,Gomati,Phase,2
509 Tripura,Khowai,Phase,2
510 Tripura,North_Tripura,Phase,2
511 Tripura,Sepahijala,Phase,2
512 Tripura,South_Tripura,Phase,2
513 Tripura,Unakoti,Phase,2
514 Tripura,West_Tripura,Phase,2
515 Uttar_Pradesh,Agra,Phase,2
516 Uttar_Pradesh,Aligarh,Phase,2
517 Uttar_Pradesh,Allahabad,Phase,2
518 Uttar_Pradesh,Ambedkar_Nagar,Phase,2
519 Uttar_Pradesh,Amethi,Phase,2
520 Uttar_Pradesh,Amroha,Phase,2
521 Uttar_Pradesh,Auraiya,Phase,2
522 Uttar_Pradesh,Azamgarh,Phase,2
523 Uttar_Pradesh,Baghpat,Phase,2
524 Uttar_Pradesh,Bahraich,Phase,2
525 Uttar_Pradesh,Ballia,Phase,2
526 Uttar_Pradesh,Balrampur(UP),Phase,2
527 Uttar_Pradesh,Banda,Phase,2
528 Uttar_Pradesh,Bara_Banki,Phase,2
529 Uttar_Pradesh,Bareilly,Phase,2
530 Uttar_Pradesh,Basti,Phase,2
531 Uttar_Pradesh,Bijnor,Phase,2
532 Uttar_Pradesh,Budaun,Phase,2
533 Uttar_Pradesh,Bulandshahr,Phase,2

534 Uttar_Pradesh,Chandauli,Phase,2
535 Uttar_Pradesh,Chitrakoot,Phase,2
536 Uttar_Pradesh,Deoria,Phase,2
537 Uttar_Pradesh,Etah,Phase,2
538 Uttar_Pradesh,Etawah,Phase,2
539 Uttar_Pradesh,Faizabad,Phase,2
540 Uttar_Pradesh,Farrukhabad,Phase,2
541 Uttar_Pradesh,Fatehpur,Phase,2
542 Uttar_Pradesh,Firozabad,Phase,2
543 Uttar_Pradesh,Gautam_Buddha_Nagar,Phase,2
544 Uttar_Pradesh,Ghaziabad,Phase,2
545 Uttar_Pradesh,Ghazipur,Phase,2
546 Uttar_Pradesh,Gonda,Phase,2
547 Uttar_Pradesh,Gorakhpur,Phase,2
548 Uttar_Pradesh,Hamirpur(UP),Phase,2
549 Uttar_Pradesh,Hapur,Phase,2
550 Uttar_Pradesh,Hardoi,Phase,2
551 Uttar_Pradesh,Hathras,Phase,2
552 Uttar_Pradesh,Jalaun,Phase,2
553 Uttar_Pradesh,Jaunpur,Phase,2
554 Uttar_Pradesh,Jhansi,Phase,2
555 Uttar_Pradesh,Kannauj,Phase,2
556 Uttar_Pradesh,Kanpur_Dehat,Phase,2
557 Uttar_Pradesh,Kanpur_Nagar,Phase,2
558 Uttar_Pradesh,Kashiram Nagar,Phase,2
559 Uttar_Pradesh,Kaushambi,Phase,2
560 Uttar_Pradesh,Kushinagar,Phase,2
561 Uttar_Pradesh,Lakhimpur Kheri,Phase,2
562 Uttar_Pradesh,Lalitpur,Phase,2
563 Uttar_Pradesh,Lucknow,Phase,2
564 Uttar_Pradesh,Maharajganj,Phase,2
565 Uttar_Pradesh,Mahoba,Phase,2
566 Uttar_Pradesh,Mainpuri,Phase,2

567 Uttar_Pradesh,Mathura,Phase,2
568 Uttar_Pradesh,Mau,Phase,2
569 Uttar_Pradesh,Meerut,Phase,2
570 Uttar_Pradesh,Mirzapur,Phase,2
571 Uttar_Pradesh,Moradabad,Phase,2
572 Uttar_Pradesh,Muzaffarnagar,Phase,2
573 Uttar_Pradesh,Pilibhit,Phase,2
574 Uttar_Pradesh,Pratapgarh(UP),Phase,2
575 Uttar_Pradesh,Rae_Bareli,Phase,2
576 Uttar_Pradesh,Rampur,Phase,2
577 Uttar_Pradesh,Saharanpur,Phase,2
578 Uttar_Pradesh,Sambhal,Phase,2
579 Uttar_Pradesh,Sant_Kabir_Nagar,Phase,2
580 Uttar_Pradesh,Sant_Ravidas_Nagar,Phase,2
581 Uttar_Pradesh,Shahjahanpur,Phase,2
582 Uttar_Pradesh,Shamli,Phase,2
583 Uttar_Pradesh,Shrawasti,Phase,2
584 Uttar_Pradesh,Siddharthnagar,Phase,2
585 Uttar_Pradesh,Sitapur,Phase,2
586 Uttar_Pradesh,Sonbhadra,Phase,2
587 Uttar_Pradesh,Sultanpur,Phase,2
588 Uttar_Pradesh,Unnao,Phase,2
589 Uttar_Pradesh,Varanasi,Phase,2
590 Uttarakhand,Almora,Phase,2
591 Uttarakhand,Bageshwar,Phase,2
592 Uttarakhand,Chamoli,Phase,2
593 Uttarakhand,Champawat,Phase,2
594 Uttarakhand,Dehradun,Phase,2
595 Uttarakhand,Haridwar,Phase,2
596 Uttarakhand,Nainital,Phase,2
597 Uttarakhand,Pauri_Garhwal,Phase,2
598 Uttarakhand,Pithoragarh,Phase,2
599 Uttarakhand,Rudraprayag,Phase,2

600 Uttarakhand,Tehri_Garhwal,Phase,2
601 Uttarakhand,Udham_Singh_Nagar,Phase,2
602 Uttarakhand,Uttarkashi,Phase,2
603 West_Bengal,Alipurduar,Phase,2
604 West_Bengal,Bankura,Phase,2
605 West_Bengal,Barddhaman,Phase,2
606 West_Bengal,Birbhum,Phase,2
607 West_Bengal,Cooch_Behar,Phase,2
608 West_Bengal,Dakshin_Dinajpur,Phase,2
609 West_Bengal,Darjeeling,Phase,2
610 West_Bengal,Hooghly,Phase,2
611 West_Bengal,Howrah,Phase,2
612 West_Bengal,Jalpaiguri,Phase,2
613 West_Bengal,Kolkata,Phase,2
614 West_Bengal,Malda,Phase,2
615 West_Bengal,Murshidabad,Phase,2
616 West_Bengal,Nadia,Phase,2
617 West_Bengal,North_24_Parganas,Phase,2
618 West_Bengal,Paschim_Medinipur,Phase,2
619 West_Bengal,Purba_Medinipur,Phase,2
620 West_Bengal,Puruliya,Phase,2
621 West_Bengal,South_24_Parganas,Phase,2
622 West_Bengal,Uttar_Dinajpur,Phase,2
